Designator,Val,Package,Mid X,Mid Y,Rotation,Layer
C1,100nF,C_0402_1005Metric,85.5,-48.65,180.0,top
C10,100nF,C_0402_1005Metric,96.1,-47.45,180.0,top
C11,10uF,C_0402_1005Metric,92.12,-45.3,0.0,top
C12,100nF,C_0402_1005Metric,103.41,-49.68,-45.0,top
C13,100nF,C_0402_1005Metric,104.98,-47.93,-90.0,top
C14,1.2pF,C_0402_1005Metric,111.7,-45.15,-90.0,top
C15,100nF,C_0402_1005Metric,105.31,-38.09,0.0,top
C16,100nF,C_0402_1005Metric,99.9,-38.1,0.0,top
C17,100nF,C_0402_1005Metric,101.87,-48.26,-90.0,top
C18,10uF,C_0402_1005Metric,94.1,-45.3,180.0,top
C19,100nF,C_0402_1005Metric,94.1,-46.35,180.0,top
C2,100nF,C_0402_1005Metric,97.25,-48.5,180.0,top
C20,1uF,C_0402_1005Metric,114.2,-52.175,180.0,top
C21,1uF,C_0402_1005Metric,97.18,-38.1,180.0,top
C22,12pF,C_0402_1005Metric,113.2,-45.59,180.0,top
C24,12pF,C_0402_1005Metric,109.35,-39.2,180.0,top
C25,12pF,C_0402_1005Metric,107.37,-39.2,0.0,top
C26,4.7uF,C_0805_2012Metric,71.7,-51.45,-90.0,top
C27,1.2pF,C_0402_1005Metric,108.7,-46.05,90.0,top
C28,12pF,C_0402_1005Metric,106.1,-49.45,-135.0,top
C29,12pF,C_0402_1005Metric,109.15,-52.85,45.0,top
C3,100uF,CP_Elec_6.3x7.7,64.75,-46.7,0.0,top
C30,1uF,C_0805_2012Metric,76.125,-51.45,-90.0,top
C31,100nF,C_0402_1005Metric,109.475,-59.9,-90.0,top
C32,22uF,C_0805_2012Metric,70.07,-57.63,180.0,top
C5,2.2uF,C_0805_2012Metric,67.08,-59.6,90.0,top
C6,22uF,C_0805_2012Metric,70.07,-55.4,180.0,top
C7,100nF,C_0402_1005Metric,116.35,-51.675,90.0,top
C8,100nF,C_0402_1005Metric,114.2,-51.1,180.0,top
C9,10uF,C_0805_2012Metric,73.9125,-51.45,-90.0,top
D1,LED,GWJTLRS1EMLVL5XX531,94.108983,-76.668645,-90.0,top
D10,LED,GWJTLRS1EMLVL5XX531,52.927839,-126.872912,11.25,top
D11,LED,GWJTLRS1EMLVL5XX531,55.329262,-134.749574,22.5,top
D12,LED,GWJTLRS1EMLVL5XX531,59.195573,-141.997039,33.75,top
D13,LED,GWJTLRS1EMLVL5XX531,64.435418,-148.370162,45.0,top
D14,LED,GWJTLRS1EMLVL5XX531,70.780588,-153.582054,56.25,top
D15,LED,GWJTLRS1EMLVL5XX531,78.040106,-157.462346,67.5,top
D16,LED,GWJTLRS1EMLVL5XX531,85.938698,-159.86646,78.75,top
D17,LED,GWJTLRS1EMLVL5XX531,94.108983,-160.668645,90.0,top
D18,LED,GWJTLRS1EMLVL5XX531,102.322912,-159.862161,101.25,top
D19,LED,GWJTLRS1EMLVL5XX531,110.17786,-157.462346,112.5,top
D2,LED,GWJTLRS1EMLVL5XX531,85.917088,-77.477839,-78.75,top
D20,LED,GWJTLRS1EMLVL5XX531,117.437377,-153.582054,123.75,top
D21,LED,GWJTLRS1EMLVL5XX531,123.820162,-148.354582,135.0,top
D22,LED,GWJTLRS1EMLVL5XX531,129.040656,-141.989986,146.25,top
D23,LED,GWJTLRS1EMLVL5XX531,132.919169,-134.729217,157.5,top
D24,LED,GWJTLRS1EMLVL5XX531,135.31646,-126.851302,168.75,top
D25,LED,GWJTLRS1EMLVL5XX531,136.121355,-118.658983,180.0,top
D26,LED,GWJTLRS1EMLVL5XX531,135.312161,-110.467088,-168.75,top
D27,LED,GWJTLRS1EMLVL5XX531,132.910737,-102.590426,-157.5,top
D28,LED,GWJTLRS1EMLVL5XX531,129.028415,-95.331692,-146.25,top
D29,LED,GWJTLRS1EMLVL5XX531,123.804582,-88.969838,-135.0,top
D3,LED,GWJTLRS1EMLVL5XX531,78.040106,-79.874943,-67.5,top
D30,LED,GWJTLRS1EMLVL5XX531,117.439986,-83.749343,-123.75,top
D31,LED,GWJTLRS1EMLVL5XX531,110.17786,-79.874943,-112.5,top
D32,LED,GWJTLRS1EMLVL5XX531,102.301302,-77.47354,-101.25,top
D33,TPD1E10B06DPYR,D_SOD-523,118.585,-59.175,-90.0,top
D34,TPD1E10B06DPYR,D_SOD-523,118.49,-56.2625,-90.0,top
D35,TPD1E10B06DPYR,D_SOD-523,118.49,-53.63,90.0,top
D36,VLMY1500-GS08,LED_0402_1005Metric,113.3,-59.3,-90.0,top
D37,VLMY1500-GS08,LED_0402_1005Metric,114.45,-59.3,-90.0,top
D38,SMAJ15A,D_SMA,83.7975,-36.99,180.0,top
D39,MMSZ5242BT1G,SOD3716X135N,89.0,-41.9,-90.0,top
D4,LED,GWJTLRS1EMLVL5XX531,70.781692,-83.761584,-56.25,top
D5,LED,GWJTLRS1EMLVL5XX531,64.419838,-88.985418,-45.0,top
D6,LED,GWJTLRS1EMLVL5XX531,59.199343,-95.350013,-33.75,top
D7,LED,GWJTLRS1EMLVL5XX531,55.315281,-102.599768,-22.5,top
D8,LED,GWJTLRS1EMLVL5XX531,52.92354,-110.488698,-11.25,top
D9,LED,GWJTLRS1EMLVL5XX531,52.118645,-118.681017,0.0,top
F1,Fuse,FUSC6127X294N,83.3,-32.9,0.0,top
FL1,BLM18HE152SN1,L_0603_1608Metric,78.65,-54.4,90.0,top
J1,694106301002,694106301002,71.0,-37.675,-90.0,top
J2,1017457000B11LF,1017457000B11LF,123.7375,-54.94,90.0,top
J3,U.FL-R-SMT-1_80,UFLRSMT180,124.14,-43.315,0.0,top
J4,2002112100010C4LF,2002112100010C4LF,91.5,-42.45,270.0,bottom
J5,640445-2,CONN2_640445-2_TEC,73.9438,-46.65,180.0,bottom
J6,Conn_01x01,,64.2,-54.75,90.0,top
J7,Conn_01x01,,61.0,-54.8,90.0,top
J8,Conn_01x01,,83.3,-82.85,16.75,top
J9,Conn_01x01,,70.33,-89.7,40.0,top
L1,10uH,WE-LHMI_4020,74.8,-58.5,90.0,top
L2,10uH,L_0805_2012Metric,93.25,-43.8,180.0,top
L3,2nH,L_0402_1005Metric,110.195,-45.58,0.0,top
L7,15nH,L_0402_1005Metric,109.75,-44.31,0.0,top
Q1,SQJ415EP-T1_GE3,SOT_SQJ415EP_VIS,83.0,-43.4399,0.0,top
R1,100k,R_0402_1005Metric,97.318983,-66.448645,0.0,top
R10,9.09,R_0402_1005Metric,54.984765,-83.942631,-135.0,top
R100,1k,R_0402_1005Metric,114.25,-50.05,180.0,top
R101,10k,R_0402_1005Metric,95.05,-48.5,180.0,top
R102,1k,R_0402_1005Metric,115.6,-59.3,-90.0,top
R103,1k,R_0402_1005Metric,112.15,-59.3,-90.0,top
R104,100k,R_0402_1005Metric,96.05,-46.35,0.0,top
R105,0,R_0402_1005Metric,109.8,-56.85,90.0,top
R106,0,R_0402_1005Metric,110.9,-56.85,90.0,top
R107,1k,R_0402_1005Metric,117.32,-59.2,90.0,top
R108,10k,R_0402_1005Metric,109.0,-61.6,0.0,top
R109,10k,R_0402_1005Metric,105.54,-56.44,180.0,top
R11,100k,R_0402_1005Metric,52.47302,-86.98775,56.25,top
R110,2.2k,R_0402_1005Metric,105.52,-55.26,180.0,top
R112,0,R_0402_1005Metric,116.51,-45.08,-90.0,top
R113,0,R_0402_1005Metric,116.51,-39.5,-90.0,top
R114,1k,R_0402_1005Metric,118.1,-50.725,0.0,top
R116,100k,R_0402_1005Metric,88.475,-46.7,180.0,top
R117,100k,R_0402_1005Metric,88.5,-45.525,0.0,top
R118,10k,R_0402_1005Metric,90.8,-49.05,0.0,top
R119,10k,R_0402_1005Metric,90.8,-47.95,0.0,top
R12,9.09,R_0402_1005Metric,48.961816,-92.242638,-123.75,top
R13,100k,R_0402_1005Metric,47.092408,-95.719263,67.5,top
R14,9.09,R_0402_1005Metric,44.673848,-101.558182,-112.5,top
R15,100k,R_0402_1005Metric,43.518616,-105.332708,78.75,top
R16,9.09,R_0402_1005Metric,42.285645,-111.531271,-101.25,top
R17,100k,R_0402_1005Metric,41.888983,-115.458645,90.0,top
R18,9.09,R_0402_1005Metric,41.888983,-121.778645,-90.0,top
R19,100k,R_0402_1005Metric,42.266136,-125.707941,101.25,top
R2,9.09,R_0402_1005Metric,90.998983,-66.448645,180.0,top
R20,9.09,R_0402_1005Metric,43.499107,-131.906504,-78.75,top
R21,100k,R_0402_1005Metric,44.63558,-135.686721,112.5,top
R22,9.09,R_0402_1005Metric,47.054139,-141.525639,-67.5,top
R23,100k,R_0402_1005Metric,48.906259,-145.011505,123.75,top
R24,9.09,R_0402_1005Metric,52.417463,-150.266393,-56.25,top
R25,100k,R_0402_1005Metric,54.914054,-153.323948,135.0,top
R26,9.09,R_0402_1005Metric,59.382969,-157.792863,-45.0,top
R27,100k,R_0402_1005Metric,62.428088,-160.304608,146.25,top
R28,9.09,R_0402_1005Metric,67.682976,-163.815812,-33.75,top
R29,100k,R_0402_1005Metric,71.159601,-165.68522,157.5,top
R3,100k,R_0402_1005Metric,87.069687,-66.825798,11.25,top
R30,9.09,R_0402_1005Metric,76.99852,-168.10378,-22.5,top
R31,100k,R_0402_1005Metric,80.773046,-169.259012,168.75,top
R32,9.09,R_0402_1005Metric,86.971609,-170.491983,-11.25,top
R33,100k,R_0402_1005Metric,90.898983,-170.888645,180.0,top
R34,9.09,R_0402_1005Metric,97.218983,-170.888645,0.0,top
R35,100k,R_0402_1005Metric,101.148279,-170.511492,-168.75,top
R36,9.09,R_0402_1005Metric,107.346842,-169.278521,11.25,top
R37,100k,R_0402_1005Metric,111.127059,-168.142048,-157.5,top
R38,9.09,R_0402_1005Metric,116.965977,-165.723489,22.5,top
R39,100k,R_0402_1005Metric,120.451843,-163.871369,-146.25,top
R4,9.09,R_0402_1005Metric,80.871124,-68.058769,-168.75,top
R40,9.09,R_0402_1005Metric,125.706731,-160.360165,33.75,top
R41,100k,R_0402_1005Metric,128.764286,-157.863574,-135.0,top
R42,9.09,R_0402_1005Metric,133.233201,-153.394659,45.0,top
R43,100k,R_0402_1005Metric,135.744946,-150.34954,-123.75,top
R44,9.09,R_0402_1005Metric,139.25615,-145.094652,56.25,top
R45,100k,R_0402_1005Metric,141.125558,-141.618027,-112.5,top
R46,9.09,R_0402_1005Metric,143.544118,-135.779108,67.5,top
R47,100k,R_0402_1005Metric,144.69935,-132.004582,-101.25,top
R48,9.09,R_0402_1005Metric,145.932321,-125.806019,78.75,top
R49,100k,R_0402_1005Metric,146.328983,-121.878645,-90.0,top
R5,100k,R_0402_1005Metric,77.090907,-69.195242,22.5,top
R50,9.09,R_0402_1005Metric,146.328983,-115.558645,90.0,top
R51,100k,R_0402_1005Metric,145.95183,-111.629349,-78.75,top
R52,9.09,R_0402_1005Metric,144.718859,-105.430786,101.25,top
R53,100k,R_0402_1005Metric,143.582386,-101.650569,-67.5,top
R54,9.09,R_0402_1005Metric,141.163827,-95.811651,112.5,top
R55,100k,R_0402_1005Metric,139.311707,-92.325785,-56.25,top
R56,9.09,R_0402_1005Metric,135.800503,-87.070897,123.75,top
R57,100k,R_0402_1005Metric,133.303912,-84.013342,-45.0,top
R58,9.09,R_0402_1005Metric,128.834997,-79.544427,135.0,top
R59,100k,R_0402_1005Metric,125.789878,-77.032682,-33.75,top
R6,9.09,R_0402_1005Metric,71.251989,-71.613801,-157.5,top
R60,9.09,R_0402_1005Metric,120.53499,-73.521478,146.25,top
R61,100k,R_0402_1005Metric,117.058365,-71.65207,-22.5,top
R62,9.09,R_0402_1005Metric,111.219446,-69.23351,157.5,top
R63,100k,R_0402_1005Metric,107.44492,-68.078278,-11.25,top
R64,9.09,R_0402_1005Metric,101.246357,-66.845307,168.75,top
R65,10k,R_0402_1005Metric,90.8,-50.11,0.0,top
R66,100,R_0402_1005Metric,81.05,-58.35,90.0,top
R67,100,R_0402_1005Metric,82.45,-58.35,90.0,top
R68,100,R_0402_1005Metric,83.85,-58.35,90.0,top
R69,100,R_0402_1005Metric,85.25,-58.35,90.0,top
R7,100k,R_0402_1005Metric,67.766123,-73.465921,33.75,top
R70,100,R_0402_1005Metric,86.65,-58.35,90.0,top
R71,100,R_0402_1005Metric,88.05,-58.35,90.0,top
R72,100,R_0402_1005Metric,89.45,-58.35,90.0,top
R73,100,R_0402_1005Metric,90.85,-58.35,90.0,top
R74,100,R_0402_1005Metric,81.75,-60.45,90.0,top
R75,100,R_0402_1005Metric,83.15,-60.45,90.0,top
R76,100,R_0402_1005Metric,84.55,-60.45,90.0,top
R77,100,R_0402_1005Metric,85.95,-60.45,90.0,top
R78,100,R_0402_1005Metric,87.35,-60.45,90.0,top
R79,100,R_0402_1005Metric,88.75,-60.45,90.0,top
R8,9.09,R_0402_1005Metric,62.511235,-76.977125,-146.25,top
R80,100,R_0402_1005Metric,90.15,-60.45,90.0,top
R81,100,R_0402_1005Metric,91.55,-60.45,90.0,top
R82,10k,R_0402_1005Metric,102.94,-53.38,-90.0,top
R83,100,R_0402_1005Metric,92.8,-58.35,90.0,top
R84,100,R_0402_1005Metric,94.2,-58.35,90.0,top
R85,100,R_0402_1005Metric,95.6,-58.35,90.0,top
R86,100,R_0402_1005Metric,97.0,-58.35,90.0,top
R87,100,R_0402_1005Metric,98.4,-58.35,90.0,top
R88,100,R_0402_1005Metric,99.8,-58.35,90.0,top
R89,100,R_0402_1005Metric,101.2,-58.35,90.0,top
R9,100k,R_0402_1005Metric,59.45368,-79.473716,45.0,top
R90,100,R_0402_1005Metric,102.6,-58.35,90.0,top
R91,100,R_0402_1005Metric,93.5,-60.45,90.0,top
R92,100,R_0402_1005Metric,94.9,-60.45,90.0,top
R93,100,R_0402_1005Metric,96.3,-60.45,90.0,top
R94,100,R_0402_1005Metric,97.7,-60.45,90.0,top
R95,100,R_0402_1005Metric,99.1,-60.45,90.0,top
R96,100,R_0402_1005Metric,100.5,-60.45,90.0,top
R97,100,R_0402_1005Metric,101.9,-60.45,90.0,top
R98,100,R_0402_1005Metric,103.3,-60.45,90.0,top
R99,100k,R_0402_1005Metric,72.89,-62.64,180.0,top
REF**,pad,pad,125.108241,-66.120442,0.0,top
REF**,pad,pad,62.644517,-33.574179,0.0,top
REF**,pad,pad,119.79,-38.29,0.0,top
REF**,pad,pad,63.108982,-66.124021,0.0,top
REF**,pad,pad,117.79,-38.29,0.0,top
U1,NCR321PASX,NCR321PASX,94.108983,-67.878645,180.0,top
U10,NCR321PASX,NCR321PASX,44.294899,-128.577282,-78.75,top
U11,NCR321PASX,NCR321PASX,47.185142,-138.105137,-67.5,top
U12,NCR321PASX,NCR321PASX,51.878641,-146.886057,-56.25,top
U13,NCR321PASX,NCR321PASX,58.19503,-154.582598,-45.0,top
U14,NCR321PASX,NCR321PASX,65.891571,-160.898987,-33.75,top
U15,NCR321PASX,NCR321PASX,74.672491,-165.592486,-22.5,top
U16,NCR321PASX,NCR321PASX,84.200346,-168.482729,-11.25,top
U17,NCR321PASX,NCR321PASX,94.108983,-169.458645,0.0,top
U18,NCR321PASX,NCR321PASX,104.01762,-168.482729,11.25,top
U19,NCR321PASX,NCR321PASX,113.545475,-165.592486,22.5,top
U2,NCR321PASX,NCR321PASX,84.200346,-68.854561,-168.75,top
U20,NCR321PASX,NCR321PASX,122.326395,-160.898987,33.75,top
U21,NCR321PASX,NCR321PASX,130.022936,-154.582598,45.0,top
U22,NCR321PASX,NCR321PASX,136.339325,-146.886057,56.25,top
U23,NCR321PASX,NCR321PASX,141.032824,-138.105137,67.5,top
U24,NCR321PASX,NCR321PASX,143.923067,-128.577282,78.75,top
U25,NCR321PASX,NCR321PASX,144.898983,-118.668645,90.0,top
U26,NCR321PASX,NCR321PASX,143.923067,-108.760008,101.25,top
U27,NCR321PASX,NCR321PASX,141.032824,-99.232153,112.5,top
U28,NCR321PASX,NCR321PASX,136.339325,-90.451233,123.75,top
U29,NCR321PASX,NCR321PASX,130.022936,-82.754692,135.0,top
U3,NCR321PASX,NCR321PASX,74.672491,-71.744804,-157.5,top
U30,NCR321PASX,NCR321PASX,122.326395,-76.438303,146.25,top
U31,NCR321PASX,NCR321PASX,113.545475,-71.744804,157.5,top
U32,NCR321PASX,NCR321PASX,104.01762,-68.854561,168.75,top
U33,"PCA9685BS,118",QFN65P600X600X100-29N-D,86.0,-52.85,0.0,top
U34,"PCA9685BS,118",QFN65P600X600X100-29N-D,97.75,-52.85,0.0,top
U36,TPS62177DQC,WSON-10-1EP_2x3mm_P0.5mm_EP0.84x2.4mm_ThermalVias,69.975,-60.825,0.0,top
U37,CP2102N-A02-GQFN20R,CP2102NA02GQFN20,114.172501,-55.4025,180.0,top
U38,W25X40CLUXIG_TR,PSON50P300X200X60-9N,107.55,-59.1375,-90.0,top
U4,NCR321PASX,NCR321PASX,65.891571,-76.438303,-146.25,top
U5,NCR321PASX,NCR321PASX,58.19503,-82.754692,-135.0,top
U6,NCR321PASX,NCR321PASX,51.878641,-90.451233,-123.75,top
U7,NCR321PASX,NCR321PASX,47.185142,-99.232153,-112.5,top
U8,NCR321PASX,NCR321PASX,44.294899,-108.760008,-101.25,top
U9,NCR321PASX,NCR321PASX,43.318983,-118.668645,-90.0,top
Y1,32.768kHz,FC135327680KAAG0,108.345,-41.055,0.0,top
Y2,24MHz,TSX-3225,107.6,-51.15,-135.0,top
